Название матраса,Цена,Ссылка на матрас
Матрас Эслаун 140x200,29390,https://www.divan.ru/krasnodar/product/matras-eslaun-140x200
Матрас Армант 90x200,9440,https://www.divan.ru/krasnodar/product/matras-armant-90x200
Матрас Эсенс 160x200,31490,https://www.divan.ru/krasnodar/product/matras-esens-160x200
Матрас Эслекс 140x200,19940,https://www.divan.ru/krasnodar/product/matras-esleks-140x200
Матрас Бовори 160x200,19940,https://www.divan.ru/krasnodar/product/matras-bovori-160x200
Матрас Энлейв 140x200,36740,https://www.divan.ru/krasnodar/product/matras-enlejv-140x200
Матрас Саванна 90x200,16790,https://www.divan.ru/krasnodar/product/matras-savanna-90x200
Матрас Тисон 140x200,28340,https://www.divan.ru/krasnodar/product/matras-tison-140x200
Матрас Эрбис 140x200,31490,https://www.divan.ru/krasnodar/product/matras-erbis-140x200
Матрас Минли 160x200,20990,https://www.divan.ru/krasnodar/product/matras-minli-160x200
Матрас Риас 140x200,28340,https://www.divan.ru/krasnodar/product/matras-rias-140x200
Матрас Sleeper 140x200,31490,https://www.divan.ru/krasnodar/product/matras-sleeper-140
Матрас Лауна 140x200,25190,https://www.divan.ru/krasnodar/product/matras-launa-140x200
Матрас Товоре 160x200,23090,https://www.divan.ru/krasnodar/product/matras-tovore-160x200
Матрас Илами 140x200,27290,https://www.divan.ru/krasnodar/product/matras-ilami-140x200
Матрас Нествед 140x200,39890,https://www.divan.ru/krasnodar/product/matras-nestved-140x200
Матрас Финдо 160x200,22040,https://www.divan.ru/krasnodar/product/matras-findo-160x200
Матрас Арланд 160x200,26240,https://www.divan.ru/krasnodar/product/matras-arland-160x200
Матрас Фрэн 140x200,47240,https://www.divan.ru/krasnodar/product/matras-fren-140x200
Матрас Бонни 140x200,19940,https://www.divan.ru/krasnodar/product/matras-bonni-140x200
Матрас Камбре 140x200,27290,https://www.divan.ru/krasnodar/product/matras-kambre-140x200
Матрас Ликс 140x200,26240,https://www.divan.ru/krasnodar/product/matras-liks-140x200
Матрас Лейв 160x200,14690,https://www.divan.ru/krasnodar/product/matras-lejv-160x200
Матрас Матео 140x200,28340,https://www.divan.ru/krasnodar/product/matras-mateo-140x200
Матрас Лорин 140x200,17840,https://www.divan.ru/krasnodar/product/matras-lorin-140x200
Матрас Мейв 140x200,33590,https://www.divan.ru/krasnodar/product/matras-mejv-140x200
Матрас Элиот 140x200,39890,https://www.divan.ru/krasnodar/product/matras-eliot-140x200
Матрас Аламан 140x200,40940,https://www.divan.ru/krasnodar/product/matras-alaman-140x200
Матрас Латерри 140x200,37790,https://www.divan.ru/krasnodar/product/matras-laterri-140x200
Матрас Лимос 140x200,19940,https://www.divan.ru/krasnodar/product/matras-limos-140x200
Матрас Бонлау 140x200,18890,https://www.divan.ru/krasnodar/product/matras-bonlau-140x200
Комплект матрас с топпером Орсэн Soft 160x200,36730,https://www.divan.ru/krasnodar/product/komplekt-matras-s-topperom-orsen-soft-160x200
Матрас Клайм 140x200,24140,https://www.divan.ru/krasnodar/product/matras-klajm-140x200
Матрас Мейо 140x200,27290,https://www.divan.ru/krasnodar/product/matras-mejo-140x200
Матрас Honnemed-Traum-L 140x200,62990,https://www.divan.ru/krasnodar/product/matras-honnemed-traum-l-140x200
Матрас Иннова 140x200,31490,https://www.divan.ru/krasnodar/product/matras-innova-140x200
Матрас Денни 140x200,17840,https://www.divan.ru/krasnodar/product/matras-denni-140x200
Матрас Диас 140x200,19940,https://www.divan.ru/krasnodar/product/matras-dias-140x200
Матрас Ливен 140x200,37790,https://www.divan.ru/krasnodar/product/matras-liven-140x200
Матрас Мерон 140x200,24140,https://www.divan.ru/krasnodar/product/matras-meron-140x200
Матрас Болсон 140x200,19940,https://www.divan.ru/krasnodar/product/matras-bolson-140x200
Матрас Ольтен 140x200,24140,https://www.divan.ru/krasnodar/product/matras-olten-140x200
Матрас Майл 140x200,31490,https://www.divan.ru/krasnodar/product/matras-majl-140x200
Матрас Кайм 140x200,37790,https://www.divan.ru/krasnodar/product/matras-kajm-140x200
Матрас Латмек 140x200,28340,https://www.divan.ru/krasnodar/product/matras-latmek-140x200
Матрас Амексли 140x200,17840,https://www.divan.ru/krasnodar/product/matras-ameksli-140x200
Матрас Кейли 140x200,38840,https://www.divan.ru/krasnodar/product/matras-kejli-140x200
Матрас Илаунд 140x200,24140,https://www.divan.ru/krasnodar/product/matras-ilaund-140x200
